<?xml version="1.0"?>
<ruleset name="Duitku-pop-payment-gateway">
	<description>Duitku Pop Payment Gateway</description>

	<!-- Exclude paths -->
	<exclude-pattern>tests/</exclude-pattern>
	<exclude-pattern>*/node_modules/*</exclude-pattern>
	<exclude-pattern>*/assets/*</exclude-pattern>
	<exclude-pattern>*/vendor/*</exclude-pattern>

	<!-- Configs -->
	<config name="minimum_supported_wp_version" value="4.7" />
	<config name="testVersion" value="5.6-" />

	<!-- Rules -->
	<rule ref="WooCommerce-Core">
		<exclude name="Core.Commenting.CommentTags.AuthorTag" />
		<exclude name="WordPress.PHP.DontExtract" />
	</rule>

	<rule ref="WordPress-Extra">
		<exclude name="Generic.Commenting.DocComment.SpacingAfter" />
		<exclude name="Generic.Files.LineEndings.InvalidEOLChar" />
		<exclude name="Generic.Functions.FunctionCallArgumentSpacing.SpaceBeforeComma" />
		<exclude name="Generic.WhiteSpace" />
		<exclude name="PEAR.Functions.FunctionCallSignature" />
		<exclude name="Squiz.Commenting" />
		<exclude name="Squiz.PHP.DisallowSizeFunctionsInLoops.Found" />
		<exclude name="Squiz.WhiteSpace" />
		<exclude name="WordPress.Arrays" />
		<exclude name="WordPress.Files.FileName" />
		<exclude name="WordPress.NamingConventions" />
		<exclude name="WordPress.Security.ValidatedSanitizedInput.MissingUnslash" />
		<exclude name="WordPress.WP.I18n.NonSingularStringLiteralText" />
		<exclude name="WordPress.WhiteSpace" />
		<exclude name="WordPress.Security.EscapeOutput" />
		<exclude name="Squiz.PHP.EmbeddedPhp" />
	</rule>

	<rule ref="PHPCompatibility">
		<exclude-pattern>tests/</exclude-pattern>
	</rule>

	<rule ref="WordPress.Security.EscapeOutput">
		<properties>
			<!-- e.g. body_class, the_content, the_excerpt -->
			<property name="customAutoEscapedFunctions" type="array" value="0=>woocommerce_wp_select,1=>wcs_help_tip,2=>admin_url,3=>wc_price"/>
			<!-- e.g. esc_attr, esc_html, esc_url-->
			<property name="customEscapingFunctions" type="array" value="0=>wcs_json_encode,1=>htmlspecialchars,2=>wp_kses_allow_underscores"/>
			<!-- e.g. _deprecated_argument, printf, _e-->
			<property name="customPrintingFunctions" type="array" value=""/>
		</properties>
	</rule>

</ruleset>
